seq_No_100_EELKLEEEVKLLKKLEEKKKKEEELKLELELELLEELL,0.186646
seq_No_101_EEELLKREEKEELLLEEELEELEELL,0.132266
seq_No_102_EEEEKKKEEKIKKKKKKKKKKKK,0.192604
seq_No_103_EEEKKKKEEEKKKEEKKLKEKKLEKKKKKK,0.259146
seq_No_104_EEEEKKKEEEKKKKKKKIEKKKKKKKKKK,0.245975
seq_No_105_EEEKKKKEEEKKKEEEEKKKKKKLKEKKLEKKKKKK,0.269188
seq_No_106_EEEKKKKEEEKKKEEEEKKLKEKKLEKKKKKK,0.186347
seq_No_107_EELKLEEEVKLLKKLEEELKLELELELLEELL,0.166695
seq_No_108_EEEEEEKEEEEEEEEEEEEEELLLEEEEEEEKKKE,0.243512
seq_No_109_AAAAIAIAAAIIAAAVAAQSAAAAAIAAK,0.235531
seq_No_10_EEELLKKEVKLEELLEELEELL,0.178533
seq_No_111_EEELLKREEKLLEEEEEEEEEEEEELLLEEELEELEELL,0.2115
seq_No_113_EEKLLEKEEKEEEKEEKEEEKKKL,0.172065
seq_No_114_EEEEEEKEEEEEEEEEEEEKKKE,0.119506
seq_No_115_EELKLEEEVKLLKKKLELELELLEELL,0.248078
seq_No_116_EEEEKKKEEEKKKKEEKKKKKKKKKKIEKKKKKKKKKK,0.208735
seq_No_117_EEEEEEKEEEEEEEEEEELLLEEEEEEEKKKE,0.289621
seq_No_119_EEEEEEKEEEEEEEEEEEEEEEEEEELLLEEEEEEEKKKE,0.217148
seq_No_11_EEEEEEKEEEEELEEEEEEEKKKE,0.224898
seq_No_120_EEEEEEKEEEEEEEEEEEELLLEEEEEEEKKKE,0.220163
seq_No_121_EEKLLEKEEKEEEEEEKKKEEEEEEEEKKKL,0.196629
seq_No_123_AAAAIAAAAAGGAAAAAAAAAK,0.254557
seq_No_125_EEKLLEKEEKEELELKHEEEEEEEEKKKL,0.148655
seq_No_126_EEEEEEKEEEEEEEEEEEEEEELLLEEEEEEEKKKE,0.197822
seq_No_127_LEEKKEKEEEKKKHLHILKHELKRKKKK,0.164759
seq_No_129_KEEKKKKEEEKKKKEEKKKKKKKKKKKKKKDKK,0.260795
seq_No_12_EEEEKKKEEEKKKKEEKKKKKKKKKIEKKKKKKKKKK,0.261369
seq_No_130_EEEEKKKEEEKKKKEEKKKKKKIEKKKKKKKKKK,0.204674
seq_No_132_EEELLKREEKLLEEEEELLLEEELEELEELL,0.204405
seq_No_133_EEKLLEKEEKEEEEEEEEEKKEEEEEEEEKKKL,0.21897
seq_No_134_EEQEEEEDLQEEEVLEEEEEEEEEQEEEEEEVVVTK,0.238027
seq_No_137_EEKLLKKEEEELLKEEEKKL,0.127593
seq_No_138_EEEEEEKEEEEEEEEEEEEEEKKKE,0.161506
seq_No_139_LEEKKEKKEKLIELEEKRKKKK,0.183945
seq_No_13_EEELLKREEKLLEEEEEEEEEEEELLLEEELEELEELL,0.190789
seq_No_140_EEEEKKKEEEKKKKEKKKIEKKKKKKKKKK,0.202866
seq_No_141_EELKLRLLEELELLELEEELL,0.110609
seq_No_142_DAAAAAAAAAAADFGDAAAAKDAKK,0.166683
seq_No_144_EEEEEEKEEEEEEEEEEEEEEEEKKKE,0.171528
seq_No_145_EEEEKKKEEEKKKKEKKKKIEKKKKKKKKKK,0.267021
seq_No_146_EEEEKKKEEEIIKKEKKKKKKK,0.182483
seq_No_147_EEEEEEKEEEEEEEEEELLLEEEEEEEKKKE,0.167401
seq_No_148_EEKLLEKEEKEEEEEEKEEEEKKEEEEEEEEKKKL,0.297839
seq_No_150_EEEEEEKEEEEEEELELEEEEEEEKKKE,0.173329
seq_No_151_LEEKKEKEEEKKKETEIKKEKRHILKHELKRKKKK,0.184731
seq_No_152_EEEEKKKEEEEKKKEKKKKKKKKKK,0.272165
seq_No_153_EEKLLEKEEKEEEEEEKEEEEEEEEKKEEEEEEEEKKKL,0.216163
seq_No_154_EEEKKKKEEEKKKKKKLEKKLEKKKKKK,0.237683
seq_No_156_EELKLEEEVKLLKKEEVLKLELELELLEELL,0.190672
seq_No_157_EEELLKREEKLLEEEELLLEEELEELEELL,0.177659
seq_No_159_EEEKKKKEEEKKKEEEEKKKKKKKKKLKEKKLEKKKKKK,0.245644
seq_No_15_EEEEEEEKEEEEEEEEEKKKE,0.130405
seq_No_160_EEKLLEKELLEKEEELEEEKKKL,0.123348
seq_No_162_DAAAAAAAAAAAAAYAQKAAAAAAAKDAKK,0.258187
seq_No_163_EEEEKKKEEEKKKKEEKKKKIEKKKKKKKKKK,0.234455
seq_No_164_EEEEKKKEEEKKKKIEKKKKKKKKKK,0.175728
seq_No_165_EEKLLEKEEKEEEEEEEEKKEEEEEEEEKKKL,0.17672
seq_No_166_EELKLEEEVKLLKKLEEKEEELKLELELELLEELL,0.218176
seq_No_169_EEELLKREEKLLEEEEEEEEEEELLLEEELEELEELL,0.175764
seq_No_16_EEEKKKKKEKLLKEEKKKKKK,0.109148
seq_No_171_DAAAAAAAAAADAAAAADAKK,0.170847
seq_No_172_EEEKKKKEELKKKEEEKKLEKKKKKK,0.12954
seq_No_173_LEEKKEKEEEKEEIIRKELKRKKKK,0.266276
seq_No_174_EEQEEEEDLQEEEVLEEEEEEEEEEQEEEEEEVVVTK,0.275327
seq_No_175_KEEKKKKEEEKKKEEKKKKKKKKKKKKDKK,0.205001
seq_No_176_EEELLKREEKLLLELELEEELEELEELL,0.171036
seq_No_177_AAAAIAIAAAIIAAAAVAAAQSAAAAAIAAK,0.21705
seq_No_178_EEEKKKKEEEKKKEEEKKLKEKKLEKKKKKK,0.173768
seq_No_17_EEEEKKKEEEKKKKEEKKKKKKKKKKKIEKKKKKKKKKK,0.267865
seq_No_18_EEELLKKEVVLLEELLEELEELL,0.177171
seq_No_19_EEEEEEKEEEEELEEEEEEEEEKKKE,0.148452
seq_No_20_EEELLKREEKLLLELLLLEEELEELEELL,0.132961
seq_No_21_EEEKKKKEEEKLKKKKEKKKKKK,0.155895
seq_No_22_EEEEEREKEDEEEEEEEKKE,0.219997
seq_No_24_EEEEKKKEEEKKKKKEKKKKKKKKKKK,0.151778
seq_No_26_EEELLKELELLELELEEELL,0.0802891
seq_No_27_EELKLEEEVKLLKEELKLELELELLEELL,0.134907
seq_No_28_EELKLEEEVKLLKKLEEKKKKKEEELKLELELELLEELL,0.275173
seq_No_29_EEEEEEKEEEEEEEEELLEEEEEEEKKKE,0.164807
seq_No_2_EEEEEEKEEEEEEEEEEEEEEEEELLLEEEEEEEKKKE,0.240126
seq_No_30_EELKLEEEVKLLKKLEEEEELKLELELELLEELL,0.161866
seq_No_31_EEKLLEKEEKEEEEEEKEEEEEEEEEKKEEEEEEEEKKKL,0.281123
seq_No_32_EEKLLEKEEKEEEEEEKEEEEEEEKKEEEEEEEEKKKL,0.210821
seq_No_33_EEEKKKKEEEKKKEEEEKKKKLKEKKLEKKKKKK,0.272039
seq_No_34_AAAAIAIAAAIIAAAAAIAAAQSAAAAAIAAK,0.214208
seq_No_35_EEEKKKKEEEKKKKKKKKKLEKKKKKK,0.195435
seq_No_36_AAAAIAAAAAIAIAAAAAIAAK,0.135259
seq_No_37_EEEKKKKEEEKKKEEEEKKKKKKKKLKEKKLEKKKKKK,0.252974
seq_No_38_EEKLLEKEEKEKKKKEHEEEEEKKKL,0.108086
seq_No_3_EEELLKREEKLLLLLLEEELEELEELL,0.138429
seq_No_40_EEKLLEKEEKEKLEEHEEEEEEEEKKKL,0.23164
seq_No_41_EEEEKKEEEEKKKKKKKKKKK,0.221248
seq_No_42_EELKLEEEVKLLKKEKKKLELELELLEELL,0.19327
seq_No_43_EEELLKREEKLLEEEEEEEELLLEEELEELEELL,0.224761
seq_No_44_EELKLEEEVKLLKKLEEKKKEEELKLELELELLEELL,0.193284
seq_No_45_DAAAAAAAAAAAAYFHHAAAAKDAKK,0.199498
seq_No_46_EELLLKLLLLLELELLLELL,0.090026
seq_No_47_DEELDEREEELLENDEELERLKKKK,0.167901
seq_No_48_AAAAIAIAAAIIAAAAAAIAAAQSAAAAAIAAK,0.281209
seq_No_4_AAAAIAIAAAIIAAAAGAAQSAAAAAIAAK,0.222454
seq_No_50_LEEKKEKEEEKKKETEEEKRHILKHELKRKKKK,0.233719
seq_No_51_EEKLLEKEEKEEEEEEKEEEKKEEEEEEEEKKKL,0.249295
seq_No_52_EEELLKREEKLLEEEEEEEEEELLLEEELEELEELL,0.175604
seq_No_53_EEKLLEEEEKEKEKEEKEKKKL,0.158226
seq_No_55_EEKLLEKEEKEEEEEEHKEEEEEEEEKKKL,0.219544
seq_No_57_EEEEEEKEEEEEEEEEEEEEEEEEELLLEEEEEEEKKKE,0.222326
seq_No_5_EEELLKELEELELLELEEELL,0.126868
seq_No_60_EEEEKKKEEEKKKKEEKKKKKIEKKKKKKKKKK,0.209457
seq_No_61_EELKLEEEVKLLKKLEEKKKKKKEEELKLELELELLEELL,0.269738
seq_No_62_EEEKKKKEEEKKKEEEEKKKKKKKLKEKKLEKKKKKK,0.250036
seq_No_63_EEELLKREVLELLLEELEELEELL,0.128262
seq_No_64_EEERRREKEREREEERRRKKK,0.184439
seq_No_65_EEEKKKKEEEKKKELKKKEKKLEKKKKKK,0.195405
seq_No_66_EEQEEEEDLQEEEVLEEEEEEEEEEEEQEEEEEEVVVTK,0.2308
seq_No_68_EEKLLEKEEKEEEEEEKEEEEEKKEEEEEEEEKKKL,0.298302
seq_No_6_EELKLEEEVKLLKKLEEKKEEELKLELELELLEELL,0.267359
seq_No_70_AAAAIAGAAAGFAAAAAAAK,0.100162
seq_No_71_EEKLLEKEEKKEEYKEEEEEEKKKL,0.123307
seq_No_72_EEEKKKKEEEKKKEEEEKKKLKEKKLEKKKKKK,0.190731
seq_No_73_EEEEEEKEEEEEEELEEEKKKE,0.120732
seq_No_74_EEEEKKKEEEKKKKKKKEKKKKKKKKKK,0.199546
seq_No_75_EEEEEEKEEEEEEEEEEEEELLLEEEEEEEKKKE,0.201517
seq_No_77_EEEEKKKLLLKKLEKKKKKK,0.176241
seq_No_78_EEEEKKKEEEKKKKEEKKKKKKKKIEKKKKKKKKKK,0.216889
seq_No_79_EEEEKKKEEEKKKKEEKKKKKKKKKKKKIEKKKKKKKKKK,0.226315
seq_No_7_EEEEKKKEEEKKKKEEKKKKKKKIEKKKKKKKKKK,0.209149
seq_No_80_EEEKKKKEEKKKKELKKLEKKKKKK,0.183182
seq_No_81_AAAAIAAAAAFGGAAAAAAAAAK,0.20795
seq_No_82_EEELLKREEKLLEEEEEEEEELLLEEELEELEELL,0.19029
seq_No_84_EEEKKKKEEEKKKEEEEKKKKKLKEKKLEKKKKKK,0.177892
seq_No_87_DAAAAAAAAAAAAKYHDAAAAAAKDAKK,0.251026
seq_No_88_EEELLKREELEELELEELEELEELL,0.227065
seq_No_8_AAAAIAGAAAIIAAAAAAAK,0.156058
seq_No_90_EEERRRREEEERKEVERERRRKKK,0.143385
seq_No_91_EEEKKKKEEKLKKLLLKEKKKKKK,0.277682
seq_No_92_EELKLEEEEKELKEKEELELLEELL,0.102866
seq_No_93_EEKLLEKEEKEKKKKEEEEEEEEKKKL,0.130108
seq_No_94_EEKLLEKEEKEEEEEEKEEEEEEKKEEEEEEEEKKKL,0.259514
seq_No_95_LEEKKEKEEEKKKETEIKKKEKRHILKHELKRKKKK,0.261398
seq_No_96_EEKLLHEEEKEELLKEEKKKL,0.298502
seq_No_97_AAAAIAIAAAIAAAAAGQSAAAAAIAAK,0.268702
seq_No_98_EEELLKREEKLLEEEEEELLLEEELEELEELL,0.167692
seq_No_99_EEEEKKKEEKEKKEDKKKKKKKKK,0.159529
seq_No_9_EEEEEEKEEEEEEEEELLLEEEEEEEKKKE,0.163652
